Emotion,ovr_f1_var,ovr_accuracy_var,rakel_f1_var,rakel_accuracy_var
Anger,0.0,0.0,0.0,0.0
Fear,0.0,0.0,0.011394437064766734,0.005141445686317482
Interest,0.0,0.0,0.000592323182048873,0.0002846223650782057
Joy,0.0,0.0,0.0068133223937419775,0.004358976975138591
Love,0.0,0.0,0.0009312470715311603,0.0009636371935795496
Sadness,0.0,0.0,0.005876951331496787,0.0017777777777777783
Surprise,0.0,0.0,0.005224168215212189,0.0022753002731268537
Overall,0.0,0.0,0.004404635608399674,0.0021145371815740658
